{
  "rounds": [
    {
      "round": 1,
      "active": 2,
      "total": 2,
      "tau": 0.8,
      "avg_score": 0.0,
      "avg_train_acc": 0.8085,
      "task": 0
    },
    {
      "round": 2,
      "active": 2,
      "total": 2,
      "tau": 0.8,
      "avg_score": 0.0,
      "avg_train_acc": 0.5711,
      "task": 1
    }
  ],
  "tasks": [
    {
      "task": 0,
      "acc": 0.7205479452054795,
      "precision": 0.6870318114456242,
      "f1": 0.7493479205912187,
      "recall": 0.8243243243243243,
      "cl": {
        "ACC": 0.7205,
        "Forgetting": 0.0,
        "BWT": 0.0,
        "FWT": 0.0,
        "F1": 0.7493,
        "F1_BWT": 0.0,
        "Recall": 0.8243,
        "Recall_BWT": 0.0
      }
    },
    {
      "task": 1,
      "acc": 0.6666666666666666,
      "precision": 0.6081484132665236,
      "f1": 0.7274463363632484,
      "recall": 0.9051724137931034,
      "cl": {
        "ACC": 0.7018,
        "Forgetting": 0.0,
        "BWT": 0.0164,
        "FWT": 0.0819,
        "F1": 0.7511,
        "F1_BWT": 0.0254,
        "Recall": 0.8985,
        "Recall_BWT": 0.0676
      }
    }
  ]
}