{
  "rounds": [
    {
      "round": 1,
      "active": 10,
      "total": 10,
      "tau": 0.8,
      "avg_score": 0.0,
      "avg_train_acc": 0.575,
      "task": 0
    },
    {
      "round": 2,
      "active": 10,
      "total": 10,
      "tau": 0.8,
      "avg_score": 0.0,
      "avg_train_acc": 0.5364,
      "task": 1
    }
  ],
  "tasks": [
    {
      "task": 0,
      "acc": 0.5230136986301369,
      "precision": 0.5161146204864557,
      "f1": 0.6673035259584292,
      "recall": 0.9437837837837837,
      "cl": {
        "ACC": 0.523,
        "Forgetting": 0.0,
        "BWT": 0.0,
        "FWT": 0.0,
        "F1": 0.6673,
        "F1_BWT": 0.0,
        "Recall": 0.9438,
        "Recall_BWT": 0.0
      }
    },
    {
      "task": 1,
      "acc": 0.4813559322033898,
      "precision": 0.4856730342118637,
      "f1": 0.6390121762045003,
      "recall": 0.9339080459770115,
      "cl": {
        "ACC": 0.5062,
        "Forgetting": 0.0,
        "BWT": 0.0079,
        "FWT": -0.0215,
        "F1": 0.6544,
        "F1_BWT": 0.0025,
        "Recall": 0.9361,
        "Recall_BWT": -0.0054
      }
    }
  ]
}